d,review,label
1,This product is amazing works perfectly!,positive
2,Terrible quality broke after one day.,negative
3,Good value for the price decent product.,neutral
4,Not what I expected very disappointed.,negative
5,Excellent! Will buy again highly recommend!,positive
6,Average product nothing special.,neutral
7,Worst purchase ever complete waste of money.,negative
8,Highly recommend to everyone love it!,positive
9,Product stopped working after a week.,negative
10,Does exactly what it says happy with it.,positive
11,Packaging was damaged but product works fine.,neutral
12,Absolute garbage do not buy this.,negative
13,Pretty good for the price point.,neutral
14,Exceeded my expectations fantastic quality!,positive
15,Arrived late and missing parts.,negative
16,Works okay nothing impressive.,neutral
17,Best product I have ever bought!,positive
18,Stopped working after two uses terrible.,negative
19,Decent product would probably buy again.,neutral
20,Complete waste of money very poor quality.,negative
21,Very happy with this purchase!,positive
22,Not great not terrible. Just okay.,neutral
23,Broke on first use very frustrated.,negative
24,Great build quality very impressed.,positive
25,Instructions were confusing but product works.,neutral
26,Absolutely love this highly recommend!,positive
27,Cheap material feels like it will break soon.,negative
28,Solid product does the job well.,neutral
29,Returned immediately not as described at all.,negative
30,Works perfectly very satisfied with purchase.,positive
31,Nothing special but gets the job done.,neutral
32,Worst product I have ever purchased.,negative
33,Really impressed with the quality and design.,positive
34,Arrived broken customer service was unhelpful.,negative
35,Good product overall minor issues with setup.,neutral
36,Fantastic value exceeded all my expectations.,positive
37,Poor quality control very disappointed.,negative
38,Works as expected no complaints.,neutral
39,Amazing product changed my life honestly.,positive
40,Stopped working after a month very annoying.,negative
41,Fine for the price would not pay more.,neutral
42,Incredible quality will definitely buy again.,positive
43,Feels cheap and flimsy not worth the money.,negative
44,Surprised by how good this actually is!,positive
45,Does not work as advertised very misleading.,negative
46,Pretty solid happy with the purchase overall.,neutral
47,Total disappointment expected much better.,negative
48,Great product fast shipping very happy!,positive
49,Mediocre at best nothing to write home about.,neutral
50,Absolutely terrible avoid this product.,negative
