id,review
1,"This product is amazing, works perfectly!"
2,"Terrible quality, broke after one day."
3,"Good value for the price, decent product."
4,"Not what I expected, very disappointed."
5,"Excellent! Will buy again, highly recommend!"
6,"Average product, nothing special."
7,"Worst purchase ever, complete waste of money."
8,"Highly recommend to everyone, love it!"
9,"Product stopped working after a week."
10,"Does exactly what it says, happy with it."
11,"Packaging was damaged but product works fine."
12,"Absolute garbage, do not buy this."
13,"Pretty good for the price point."
14,"Exceeded my expectations, fantastic quality!"
15,"Arrived late and missing parts."
16,"Works okay, nothing impressive."
17,"Best product I have ever bought!"
18,"Stopped working after two uses, terrible."
19,"Decent product, would probably buy again."
20,"Complete waste of money, very poor quality."
21,"Very happy with this purchase!"
22,"Not great, not terrible. Just okay."
23,"Broke on first use, very frustrated."
24,"Great build quality, very impressed."
25,"Instructions were confusing but product works."
26,"Absolutely love this, highly recommend!"
27,"Cheap material, feels like it will break soon."
28,"Solid product, does the job well."
29,"Returned immediately, not as described at all."
30,"Works perfectly, very satisfied with purchase."
31,"Nothing special but gets the job done."
32,"Worst product I have ever purchased."
33,"Really impressed with the quality and design."
34,"Arrived broken, customer service was unhelpful."
35,"Good product overall, minor issues with setup."
36,"Fantastic value, exceeded all my expectations."
37,"Poor quality control, very disappointed."
38,"Works as expected, no complaints."
39,"Amazing product, changed my life honestly."
40,"Stopped working after a month, very annoying."
41,"Fine for the price, would not pay more."
42,"Incredible quality, will definitely buy again."
43,"Feels cheap and flimsy, not worth the money."
44,"Surprised by how good this actually is!"
45,"Does not work as advertised, very misleading."
46,"Pretty solid, happy with the purchase overall."
47,"Total disappointment, expected much better."
48,"Great product, fast shipping, very happy!"
49,"Mediocre at best, nothing to write home about."
50,"Absolutely terrible, avoid this product."
